url,title
https://gihyo.jp/dp/ebook/2020/978-4-297-11402-2,第5版 登録販売者 合格教本
https://gihyo.jp/dp/ebook/2020/978-4-297-11398-8,［改訂3版］演習で学ぶソフトウェアテスト 特訓200問―JSTQB認定テスト技術者資格 Foundation Level対応
https://gihyo.jp/dp/ebook/2020/978-4-297-11282-0,Software Design 2020年7月号
https://gihyo.jp/dp/ebook/2020/978-4-297-11382-7,今すぐ使えるかんたん 今すぐ使えるかんたんOutlook 完全ガイドブック 困った解決&便利技［2019/2016/2013/365対応版］
https://gihyo.jp/dp/ebook/2020/978-4-297-11390-2,今すぐ使えるかんたん 今すぐ使えるかんたんPowerPoint 完全ガイドブック 困った解決&便利技［2019/2016/2013/365対応版］
https://gihyo.jp/dp/ebook/2020/978-4-297-11388-9,「古着転売」だけで毎月10万円―メルカリでできる最強の副業
https://gihyo.jp/dp/ebook/2020/978-4-297-11386-5,知りたい！サイエンス 正多面体は本当に5種類か～やわらかい幾何はすべてここからはじまる～
https://gihyo.jp/dp/ebook/2020/978-4-297-11406-0,ゼロからはじめる ゼロからはじめるドコモ Galaxy S20 5G SC-51A スマートガイド
https://gihyo.jp/dp/ebook/2020/978-4-297-11408-4,ゼロからはじめる ゼロからはじめるau AQUOS R5G SHG01 スマートガイド
https://gihyo.jp/dp/ebook/2020/978-4-297-11246-2,図解即戦力 図解即戦力銀行業界のしくみとビジネスがこれ1冊でしっかりわかる教科書
https://gihyo.jp/dp/ebook/2020/978-4-297-11457-2,ゼロからはじめる ゼロからはじめるiPhone SE 第2世代 スマートガイド au完全対応版
https://gihyo.jp/dp/ebook/2020/978-4-297-11459-6,ゼロからはじめる ゼロからはじめるiPhone SE 第2世代 スマートガイド ドコモ完全対応版
https://gihyo.jp/dp/ebook/2020/978-4-297-11461-9,ゼロからはじめる ゼロからはじめるiPhone SE 第2世代 スマートガイド ソフトバンク完全対応版
https://gihyo.jp/dp/ebook/2020/978-4-297-11378-0,たった1日で基本が身に付く！ たった1日で基本が身に付く！Vue.js 超入門
https://gihyo.jp/dp/ebook/2020/978-4-297-11372-8,今すぐ使えるかんたんmini 今すぐ使えるかんたんminiNikon Z 50 基本＆応用 撮影ガイド
https://gihyo.jp/dp/ebook/2020/978-4-297-11275-2,スペースキーで見た目を整えるのはやめなさい～8割の社会人が見落とす資料作成のキホン
https://gihyo.jp/dp/ebook/2020/978-4-297-11352-0,WEB+DB PRESS plus オブジェクト指向UIデザイン――使いやすいソフトウェアの原理
https://gihyo.jp/dp/ebook/2020/978-4-297-11404-6,スタートダッシュiOS〜アプリエンジニアの必須ノウハウをサクっと押さえる
https://gihyo.jp/dp/ebook/2020/978-4-297-11256-1,今すぐ使えるかんたん 今すぐ使えるかんたんJw_cad
https://gihyo.jp/dp/ebook/2020/978-4-297-10775-8,世界一わかりやすい教科書 世界一わかりやすい Maya はじめてのモデリングの教科書
https://gihyo.jp/dp/ebook/2020/978-4-297-11350-6,第二種電気工事士試験に合格するための電気数学
https://gihyo.jp/dp/ebook/2020/978-4-297-11396-4,情報処理技術者試験 令和02-03年 ITストラテジスト合格教本
https://gihyo.jp/dp/ebook/2020/978-4-297-11260-8,今すぐ使えるかんたんmini 今すぐ使えるかんたんminiGoPro 基本＆応用 撮影ガイド［改訂2版］
https://gihyo.jp/dp/ebook/2020/978-4-297-11358-2,職場のざんねんな人図鑑～やっかいなあの人の行動には、理由があった！
https://gihyo.jp/dp/ebook/2020/978-4-297-11410-7,ゼロからはじめる ゼロからはじめるドコモ AQUOS R5G SH-51A スマートガイド
https://gihyo.jp/dp/ebook/2020/978-4-297-11320-9,図解即戦力 図解即戦力金融業界のしくみとビジネスがこれ1冊でしっかりわかる教科書
https://gihyo.jp/dp/ebook/2020/978-4-297-11244-8,図解即戦力 図解即戦力リース業界のしくみとビジネスがこれ1冊でしっかりわかる教科書
https://gihyo.jp/dp/ebook/2020/978-4-297-11224-0,パーフェクト パーフェクトPython［改訂2版］
https://gihyo.jp/dp/ebook/2020/978-4-297-11318-6,世界一わかりやすい教科書 世界一わかりやすい Photoshop 操作とデザインの教科書［改訂3版］
https://gihyo.jp/dp/ebook/2020/978-4-297-11304-9,今すぐ使えるかんたんmini 今すぐ使えるかんたんminiWord＆Excel＆PowerPoint 2019 基本技
